ADDICTION MEDICINE, NURSE|ADDRN|epic|0
ADDICTION MEDICINE, PHYSICIAN|ADDMD|epic|0
ADT, ADMIN|ADTADM|epic|0
ADT, ADMIT SUPERVISOR|ADTADSP|epic|1
ADT, AUTH/CERT STAFF|ADTAUTH|epic|0
ADT, BED BOARD|ADTBEDBOARD|epic|0
ADT, BED PLANNING|ADTBEDPL|epic|0
ADT, EVS MANAGER|ADTEVSMGR|epic|0
ADT, EVS PEDS USER ONE|ADTPEDEVS|epic|0
ADT, EVS PEDS USER TWO|ADTPEDEVSTWO|epic|0
ADT, EVS SUPERVISOR|ADTEVSSUP|epic|0
ADT, EVS USER CRITICAL ACCESS|ADTCAHEVS|epic|0
ADT, EVS USER ONE|ADTEVS|epic|0
ADT, EVS USER SPANISH|ADTEVSSPN|epic|0
ADT, EVS USER TWO|ADTEVSTWO|epic|0
ADT, HOSPITAL INFO DESK|ADTINFO|epic|0
ADT, HOUSE SUPERVISOR|ADTHSUP|epic|0
ADT, OFFSHORE CONTRACTED VENDOR AUTH/CERT STAFF|ADTAUTHOFF|epic|0
ADT, ONSHORE CONTRACTED VENDOR ADMIT SUPERVISOR|ADTADSPON|epic|0
ADT, ONSHORE CONTRACTED VENDOR AUTH/CERT STAFF|ADTAUTHON|epic|0
ADT, ONSHORE CONTRACTED VENDOR PATIENT ACCESS|ADTPAON|epic|0
ADT, PATIENT ACCESS|ADTPA|epic|0
ADT, TRANSFER CENTER|ADTTC|epic|0
ADT, TRANSPORT MANAGER|ADTTRNMGR|epic|0
ADT, TRANSPORT PEDS USER ONE|ADTTRNPEDS|epic|0
ADT, TRANSPORT PEDS USER TWO|ADTTRNPEDSTWO|epic|0
ADT, TRANSPORT USER ONE|ADTTRN|epic|0
ADT, TRANSPORT USER SPANISH|ADTTRNSPN|epic|0
ADT, TRANSPORT USER TWO|ADTTRNTWO|epic|0
ALLERGY, NURSE|ALGRN|epic|0
ALLERGY, PHYSICIAN|ALGMD|epic|0
AMBULATORY SURGERY CENTER, CODER|ASCCODE|epic|0
AMBULATORY SURGERY CENTER, FRONT DESK|ORASCREG|epic|0
AMBULATORY SURGERY CENTER, NURSE|ASCRN|epic|0
AMBULATORY, ABSTRACTOR|AMBABS|epic|0
AMBULATORY, ADMIN|AMBADM|epic|0
AMBULATORY, ANCILLARY USER|AMBANC|epic|0
AMBULATORY, CLINIC MANAGER|AMBMGR|epic|0
AMBULATORY, CONNECT NURSE PRACTITIONER|CCNP|epic|0
AMBULATORY, CONNECT PHYSICIAN|CCFAMMD|epic|0
AMBULATORY, CONNECT PHYSICIAN ASSISTANT|CCPA|epic|0
AMBULATORY, DIETITIAN DUAL OP/IP|RD|epic|0
AMBULATORY, FRONT DESK|AMBDESK|epic|0
AMBULATORY, HOME BASED PHYSICIAN|HOMEMD|epic|0
AMBULATORY, INTERNATIONAL PHYSICIAN|AMBINTMD|epic|0
AMBULATORY, NURSETECH|AMBTECHRN|epic|0
AMBULATORY, NURSING STUDENT|AMBNURSEEDU|epic|0
AMBULATORY, RETAIL NURSE PRACTITIONER|RETAILNP|epic|0
AMBULATORY, VIRTUAL SCRIBE|VS|epic|0
ANCILLARY, AUDIOLOGIST|AUDAN|epic|0
ANESTHESIA, ADMIN|ANADM|epic|0
ANESTHESIA, ANESTHESIOLOGIST|ANMD|epic|0
ANESTHESIA, ANESTHESIOLOGIST SUPERUSER|ANMDSU|epic|0
ANESTHESIA, BIOMED|ANBIOMED|epic|0
ANESTHESIA, CHARGE|ANCHARGE|epic|0
ANESTHESIA, CRNA|ANCRNA|epic|0
ANESTHESIA, PAT NURSE PRACTITIONER|PATNP|epic|0
ANESTHESIA, PHYSICIAN BUILDER|ANBLD|epic|0
ANESTHESIA, RESIDENT|ANRES|epic|0
ANESTHESIA, TECHNICIAN|ANTECH|epic|0
ANTICOAGULATION, NURSE|ANTICOAGRN|epic|0
ASAP, PEER SUPPORT SPECIALIST|PSS|epic|0
ASSISTANT, PHYSICAL THERAPY|PTA|epic|0
ASSISTANT, PHYSICIAN|PA|epic|0
ASSITANT, CERTIFIED OCCUPATIONAL THERAPY|COTA|epic|0
ATAT, MANAGER|ATATMGR|epic|0
ATAT, MANAGER OF MANAGERS|ATATMGRMGR|epic|0
BARIATRIC SURGERY, SURGEON|BSOMSUR|epic|0
BEACON, ADMIN|BCNADM|epic|0
BEACON, BMT COORDINATOR|BMTCOORD|epic|0
BEACON, BMT PHYSICIAN|BMTMD|epic|0
BEACON, BMTLAB|BCNBMTLAB|epic|0
BEACON, FELLOW|BCNFELLOW|epic|0
BEACON, GYNONC NURSE|GYNONCRN|epic|0
BEACON, GYNONC PHYSICIAN|GYNONCMD|epic|0
BEACON, INFUSION NURSE|BCNRN|epic|0
BEACON, IP NURSE|BCNIPRN|epic|1
BEACON, IP NURSE MANAGER|BCNIPRNMGR|epic|1
BEACON, NURSE NAVIGATOR|BCNNAV|epic|0
BEACON, NURSE PRACTITIONER|BCNNP|epic|0
BEACON, OFFICE NURSE|BCNOFRN|epic|0
BEACON, OP NURSE MANAGER|BCNRNMGR|epic|0
BEACON, PEDIATRIC PHYSICIAN|BCNPEDMD|epic|0
BEACON, PHARMACIST|BCNPHARM|epic|0
BEACON, PHYSICIAN|BCNMD|epic|0
BEACON, PHYSICIAN ASSISTANT|BCNPA|epic|0
BEACON, RESEARCH COORDINATOR|BCNRC|epic|0
BEACON, RESEARCH NURSE|BCNRNRC|epic|0
BEACON, SURGICAL ONCOLOGY PHYSICIAN|SURGONCMD|epic|0
BEACON, TUMOR REGISTRAR|BCNTR|epic|0
BEHAVIORAL HEALTH, INPATIENT MENTAL HEALTH ASSOCIATE|BHIPMHA|epic|0
BEHAVIORAL HEALTH, INPATIENT NURSE|BHIPRN|epic|0
BEHAVIORAL HEALTH, INPATIENT SOCIAL WORKER|BHIPSW|epic|0
BEHAVIORAL HEALTH, MANAGER|BHMGR|epic|0
BEHAVIORAL HEALTH, MENTAL HEALTH ASSOCIATE|BHMHA|epic|0
BEHAVIORAL HEALTH, PSYCHOLOGIST|BHPSYCH|epic|0
BEHAVIORAL HEALTH, SOCIAL WORKER|BHMSW|epic|0
BEHAVIORAL HEALTH, THERAPIST|BHTH|epic|0
BEHAVIORAL HEALTH, UNIT CLERK|BHUC|epic|0
BH, TRANSFER CENTER|BHTC|epic|0
BUILDER, PHYSICIAN|MDBUILD|epic|0
BURN, NURSE|BURNRN|epic|0
BURN, PHYSICIAN|BURNMD|epic|0
CADENCE ADT, ACCESS ADMINISTRATOR|ACCADM|epic|0
CADENCE, ADMINISTRATOR|ESADM|epic|0
CADENCE, ADMINISTRATOR TRACK|ESADMTRACK|epic|0
CADENCE, BEHAVIORAL HEALTH FRONT DESK|BHDESK|epic|0
CADENCE, CENTRAL SCHEDULER|ESCENT|epic|0
CADENCE, CLINIC MANAGER|ESMGR|epic|0
CADENCE, FRONT DESK|ESDESK|epic|0
CADENCE, INTERPRETER MANAGER|INTERPMGR|epic|0
CADENCE, OFFSHORE CONTRACTED VENDOR CENTRAL SCHEDULER|ESCENTOFF|epic|0
CADENCE, ONSHORE CONTRACTED VENDOR CENTRAL SCHEDULER|ESCENTON|epic|0
CADENCE, ONSHORE CONTRACTED VENDOR CLINIC MANAGER|ESMGRON|epic|0
CADENCE, ONSHORE CONTRACTED VENDOR FRONT DESK|ESDESKON|epic|0
CADENCE, SUPERVISOR/SUPERUSER|ESSUPER|epic|0
CADENCE, TEMPLATE BUILDER|ESTEMPL|epic|0
CADENCE, WISDOM FRONT DESK|WISDESK|epic|0
CARDIOTHORACIC SURGERY, NURSE|CTSRN|epic|0
CARDIOTHORACIC SURGERY, PHYSICIAN|CTSMD|epic|0
CARE MANAGER, AMB|CAREMGR|epic|0
CC, BILLING OFFICE MANAGER|CCBILLMGR|epic|0
CCM, CASE AND UTILIZATION MANAGER ASSISTANT|CMUMA|epic|0
CDI, HP OP|HPOPCDI|epic|0
CEO, PHYSICIAN|CEOMD|epic|0
CEO, USER|CEO|epic|0
CFO, USER|CFO|epic|0
CHAMPION, PHYSICIAN|MDC|epic|0
CHART PREP, NURSE|PREPRN|epic|0
CHEERS, ADMINISTRATOR|CHEERSADM|epic|0
CHIEF OF STAFF, USER|COS|epic|0
CHILD PSYCH, NURSE|CHPSYRN|epic|0
CHILD PSYCH, PHYSICIAN|CHPSYMD|epic|0
CHIROPRACTIC, USER|CHIRO|epic|0
CIRCULATING, NURSE|INTRARN|epic|0
CLIENT SYSTEMS, ADMINISTRATOR|CSADM|epic|0
CLINICIAN, VIEW ONLY|CLINVO|epic|0
CMIO, USER|CMIO|epic|0
CMO, USER|CMO|epic|0
CNIO, USER|CNIO|epic|0
CNO, USER|CNO|epic|0
COGITO, REPORTING USER|RPTUSER|epic|0
COMPASS ROSE, INTAKE CARE COORDINATOR|COROINT|epic|0
CONTINUING CARE, ADMINISTRATOR|CONCADM|epic|0
CONTINUING CARE, OCCUPATIONAL THERAPIST|CCOT|epic|0
CONTINUING CARE, PHYSICAL THERAPIST|CCPT|epic|0
CONTINUING CARE, SPEECH AND LANGUAGE PATHOLOGIST|CCSLP|epic|0
COORDINATOR, ACTIVITIES|ACTCOORD|epic|0
COORDINATOR, INPATIENT UNIT|IPUC|epic|0
COORDINATOR, MDS|MDSCOORD|epic|0
COSMOS, ANALYTICS VIEW ONLY|COSVO|epic|0
COUNSELOR, FINANCIAL|FC|epic|0
CRITICAL ACCESS, NURSE|CAHRN|epic|0
CRITICAL ACCESS, OCCUPATIONAL THERAPIST|CAHOT|epic|0
CRITICAL ACCESS, PATIENT CARE TECH|CAHPCT|epic|0
CRITICAL ACCESS, PHYSICAL THERAPIST|CAHPT|epic|0
CRITICAL ACCESS, PHYSICIAN|CAHMD|epic|0
CRITICAL ACCESS, RECREATIONAL THERAPIST|CAHRECT|epic|0
CRITICAL ACCESS, RESPIRATORY THERAPIST|CAHRT|epic|0
CRITICAL ACCESS, SPEECH LANGUAGE PATHOLOGIST|CAHSLP|epic|0
CUPID, ADMINISTRATOR|CARDNTADM|epic|0
CUPID, CARDIOLOGIST|CARDNTCARD|epic|0
CUPID, FELLOW|CARDNTFELLOW|epic|0
CUPID, FRONT DESK|CARDNTFD|epic|0
CUPID, INVASIVE CARDIOLOGIST|CARDNTINVCARD|epic|0
CUPID, INVASIVE CHARGE ENTRY|CARDNTINVCHG|epic|0
CUPID, INVASIVE LAB SCHEDULER|CARDNTINVSCHD|epic|0
CUPID, INVASIVE NURSE|CARDNTINVNURSE|epic|0
CUPID, INVASIVE TECHNOLOGIST|CARDNTINVTECH|epic|0
CUPID, MANAGER|CARDNTMGR|epic|0
CUPID, NP|CVNP|epic|0
CUPID, NURSE|CVRN|epic|0
CUPID, NURSE CM|CVCAREMGR|epic|0
CUPID, PHYSICIAN ASSISTANT|CVPA|epic|0
CUPID, REGISTRY ABSTRACTOR|CARDNTACC|epic|0
CUPID, TECHNOLOGIST|CARDNTTECH|epic|0
CXO, USER|CXO|epic|0
DATA COURIER, ADMIN|DCADM|epic|0
DENTAL, ASSISTANT|DNTA|epic|0
DENTAL, HYGIENIST|DNTHYGIENIST|epic|0
DENTAL, PROVIDER|DENTIST|epic|0
DERMATOLOGY, NURSE|DERMRN|epic|0
DERMATOLOGY, PEDIATRIC PHYSICIAN|DERMPEDMD|epic|0
DERMATOLOGY, PHYSICIAN|DERMMD|epic|0
DEVELOPMENTAL, NURSE|DEVRN|epic|0
DEVELOPMENTAL, PHYSICIAN|DEVMD|epic|0
EMERGENCY, ADMIN|EDADM|epic|0
EMERGENCY, ADVANCED PRACTICE PROVIDER|EDAPP|epic|0
EMERGENCY, ATTENDING PHYSICIAN|EDMD|epic|0
EMERGENCY, CHARGE REVIEWER|EDCHRVW|epic|0
EMERGENCY, CLERK|EDCLERK|epic|0
EMERGENCY, DIRECTOR|EDDIR|epic|0
EMERGENCY, MANAGER|EDMGR|epic|0
EMERGENCY, NURSE|EDRN|epic|0
EMERGENCY, REGISTRAR|EDREG|epic|0
EMERGENCY, SCRIBE|EDSCRIBE|epic|0
EMERGENCY, TECHNICIAN|EDTECH|epic|0
EMERGENCY, VIEW ONLY|EDVIEWONLY|epic|0
EMPLOYEE HEALTH, NURSE|EMPHRN|epic|0
EMPLOYEE HEALTH, PHYSICIAN|EMPHMD|epic|0
ENDOCRINOLOGY, NURSE|ENDORN|epic|0
ENDOCRINOLOGY, PHYSICIAN|ENDOMD|epic|0
ENDOSCOPY, PHYSICIAN CHAMPION|LUMECHAMP|epic|0
ENT, NURSE|ENTRN|epic|0
ENT, PHYSICIAN|ENTMD|epic|0
ENTERPRISE, OFFSHORE CONTRACTED VENDOR TRANSPLANT BILLER|PBTXPBILOFF|epic|0
ENTERPRISE, ONSHORE CONTRACTED VENDOR TRANSPLANT BILLER|PBTXPBILON|epic|0
EPIC, USER|1|epic|0
EPICCARE LINK, ADMINISTRATOR|LINKADM|epic|0
EPICCARE LINK, BILLER/CODER|LINKBILL|epic|0
EPICCARE LINK, COMMUNITY BASED ORGANIZATION SCHEDULER|LINKCBOS|epic|0
EPICCARE LINK, DETENTION CENTER CLINICIAN|LINKJAIL|epic|0
EPICCARE LINK, EMT|LINKEMT|epic|0
EPICCARE LINK, FRONT DESK|LINKFD|epic|0
EPICCARE LINK, NURSE|LINKRN|epic|0
EPICCARE LINK, OCC MED DESIGNATED EMPLOYER REPRESENTATIVE (DER)|LINKOMDER|epic|0
EPICCARE LINK, OCC MED EMPLOYER CASE MANAGER|LINKOMCM|epic|0
EPICCARE LINK, OCC MED EMPLOYER PAID SERVICES|LINKOMPS|epic|0
EPICCARE LINK, OCC MED EMPLOYER REPRESENTATIVE|LINKOMREP|epic|0
EPICCARE LINK, OCC MED EMPLOYER WORK STATUS|LINKOMWS|epic|0
EPICCARE LINK, PHYSICIAN|LINKMD|epic|0
EPICCARE LINK, POST DISCHARGE CARE CLINICIAN|LINKPDC|epic|0
EPICCARE LINK, PSYCH/SOCIAL PROFESSIONAL|LINKPSYCH|epic|0
EPICCARE LINK, REQUESTER|LINKREQ|epic|0
EPICCARE LINK, SCHOOL NURSE|LINKSCHOOLNURSE|epic|0
EPICCARE LINK, SITE ADMINISTRATOR|LINKSITEADMIN|epic|0
EPICCARE LINK, SPECIMEN COLLECTOR|LINKSPEC|epic|0
EPICCARE LINK, SPORTS MEDICINE CLINICIAN|LINKSPORT|epic|0
EPICCARE LINK, SURGICAL SUPPORT|LINKSURGSUP|epic|0
ETL, ADMINISTRATOR|ETLADM|epic|0
FAMILY MEDICINE, MEDICAL ASSISTANT|FAMMA|epic|0
FAMILY MEDICINE, NURSE|FAMRN|epic|0
FAMILY MEDICINE, PHYSICIAN|FAMMD|epic|0
FERTILITY, CLINIC MANAGER|REIMGR|epic|0
FERTILITY, EMBRYOLOGIST|REIEMB|epic|0
FERTILITY, EMBRYOLOGY LAB MANAGER|REIEMBMGR|epic|0
FERTILITY, FINANCIAL COUNSELOR|REIFC|epic|0
FERTILITY, MEDICAL ASSISTANT|REIMA|epic|0
FERTILITY, NURSE|ARTRN|epic|0
FERTILITY, PHYSICIAN|ARTMD|epic|0
FERTILITY, TECHNICIAN|ARTTECH|epic|0
FIELD HOSPITAL, CXO|FHCXO|epic|0
GASTROENTEROLOGY, NURSE|GIRN|epic|0
GASTROENTEROLOGY, PHYSICIAN|GIMD|epic|0
GERIATRICS, NURSE|GERRN|epic|0
GERIATRICS, PHYSICIAN|GERMD|epic|0
GYNECOLOGY, NURSE|GYNRN|epic|0
GYNECOLOGY, PHYSICIAN|GYNMD|epic|0
HB PB, CONTRACT BUILDER|HBPBCONTRACT|epic|0
HB PB, FINANCE|HBPBFINANCE|epic|0
HB PB, OFFSHORE CONTRACTED VENDOR FINANCE|HBPBFINANCEOFF|epic|0
HB PB, OFFSHORE CONTRACTED VENDOR REVENUE INTEGRITY LEAD|HBPBREVINTOFF|epic|0
HB PB, ONSHORE CONTRACTED VENDOR FINANCE|HBPBFINANCEON|epic|0
HB PB, ONSHORE CONTRACTED VENDOR REVENUE INTEGRITY LEAD|HBPBREVINTON|epic|0
HB PB, REVENUE INTEGRITY LEAD|HBPBREVINT|epic|0
HB, ADMIN|HBADM|epic|0
HB, BUSINESS OFFICE DIRECTOR|HBBOD|epic|0
HB, CONTRACT|HBCONTRACT|epic|0
HB, FINANCE|HBFINANCE|epic|0
HB, INSURANCE|HBINS|epic|0
HB, INSURANCE AND SELF-PAY|HBINSSP|epic|0
HB, INSURANCE SUPERVISOR|HBINSSUP|epic|0
HB, LTC BILLER|HBLTCBILL|epic|0
HB, LTC BILLING OFFICE MANAGER|HBLTCBOM|epic|0
HB, OFFSHORE CONTRACTED VENDOR BUSINESS OFFICE DIRECTOR|HBBODOFF|epic|0
HB, OFFSHORE CONTRACTED VENDOR FINANCE|HBFINANCEOFF|epic|0
HB, OFFSHORE CONTRACTED VENDOR INSURANCE|HBINSOFF|epic|0
HB, OFFSHORE CONTRACTED VENDOR INSURANCE AND SELF-PAY|HBINSSPOFF|epic|0
HB, OFFSHORE CONTRACTED VENDOR INSURANCE SUPERVISOR|HBINSSUPOFF|epic|0
HB, OFFSHORE CONTRACTED VENDOR PAYMENT POSTING|HBPPOFF|epic|0
HB, OFFSHORE CONTRACTED VENDOR PAYMENT POSTING SUPERVISOR|HBPPSUPOFF|epic|0
HB, OFFSHORE CONTRACTED VENDOR REVENUE INTEGRITY|HBRIOFF|epic|0
HB, OFFSHORE CONTRACTED VENDOR REVENUE INTEGRITY DIRECTOR|HBRIDOFF|epic|0
HB, OFFSHORE CONTRACTED VENDOR SELF-PAY|HBSPOFF|epic|0
HB, OFFSHORE CONTRACTED VENDOR SELF-PAY SUPERVISOR|HBSPSUPOFF|epic|0
HB, ONSHORE CONTRACTED VENDOR BUSINESS OFFICE DIRECTOR|HBBODON|epic|0
HB, ONSHORE CONTRACTED VENDOR FINANCE|HBFINANCEON|epic|0
HB, ONSHORE CONTRACTED VENDOR INSURANCE|HBINSON|epic|0
HB, ONSHORE CONTRACTED VENDOR INSURANCE AND SELF-PAY|HBINSSPON|epic|0
HB, ONSHORE CONTRACTED VENDOR INSURANCE SUPERVISOR|HBINSSUPON|epic|0
HB, ONSHORE CONTRACTED VENDOR PAYMENT POSTING|HBPPON|epic|0
HB, ONSHORE CONTRACTED VENDOR PAYMENT POSTING SUPERVISOR|HBPPSUPON|epic|0
HB, ONSHORE CONTRACTED VENDOR REVENUE INTEGRITY|HBRION|epic|0
HB, ONSHORE CONTRACTED VENDOR REVENUE INTEGRITY DIRECTOR|HBRIDON|epic|0
HB, ONSHORE CONTRACTED VENDOR SELF-PAY|HBSPON|epic|0
HB, ONSHORE CONTRACTED VENDOR SELF-PAY SUPERVISOR|HBSPSUPON|epic|0
HB, PAYMENT POSTING|HBPP|epic|0
HB, PAYMENT POSTING SUPERVISOR|HBPPSUP|epic|0
HB, REVENUE INTEGRITY|HBRI|epic|0
HB, REVENUE INTEGRITY DIRECTOR|HBRID|epic|0
HB, SELF-PAY|HBSP|epic|0
HB, SELF-PAY SUPERVISOR|HBSPSUP|epic|0
HEALTH PLAN DIRECTOR, USER|MCDIR|epic|0
HEALTHY PLANET LINK, CARE COORDINATOR|LINKCC|epic|0
HEALTHY PLANET, ADMINISTRATOR|HPADM|epic|0
HEALTHY PLANET, MEDICATION MANAGEMENT PHARMACIST|RXMEDMGMT|epic|0
HEALTHY PLANET, MEDICATION MANAGEMENT TECHNICIAN|RXMEDMGMTTECH|epic|0
HELLO WORLD, ADMINISTRATOR|HWADM|epic|0
HEMATOLOGY, NURSE|HEMRN|epic|0
HEMATOLOGY, PHYSICIAN|HEMMD|epic|0
HIM, ADMINISTRATOR|HIMADM|epic|0
HIM, CDI|HIMCDI|epic|0
HIM, CDI MANAGER|HIMCDIMGR|epic|0
HIM, CENTRALIZED SCANNER|HIMSCAN|epic|0
HIM, CHART CORRECTION ANALYST|HIMCORRECT|epic|0
HIM, CODER|HIMCODER|epic|0
HIM, CODING MANAGER|HIMCODMGR|epic|0
HIM, DEFICIENCY ANALYST|HIMDEFAN|epic|0
HIM, DEFICIENCY MANAGER|HIMDEFMGR|epic|0
HIM, DIRECTOR|HIMDIRECTOR|epic|0
HIM, FILE ROOM MANAGER|HIMCTMGR|epic|0
HIM, FILE ROOM STAFF|HIMFILERM|epic|0
HIM, MEDICAL RECORDS MANAGER|HIMMGR|epic|0
HIM, OFFSHORE CONTRACTED VENDOR CENTRALIZED SCANNER|HIMSCANOFF|epic|0
HIM, OFFSHORE CONTRACTED VENDOR CODER|HIMCODEROFF|epic|0
HIM, OFFSHORE CONTRACTED VENDOR CODING MANAGER|HIMCODMGROFF|epic|0
HIM, OFFSHORE CONTRACTED VENDOR DEFICIENCY ANALYST|HIMDEFANOFF|epic|0
HIM, OFFSHORE CONTRACTED VENDOR ROI|HIMROIOFF|epic|0
HIM, ONSHORE CONTRACTED VENDOR CDI|HIMCDION|epic|0
HIM, ONSHORE CONTRACTED VENDOR CENTRALIZED SCANNER|HIMSCANON|epic|0
HIM, ONSHORE CONTRACTED VENDOR CODER|HIMCODERON|epic|0
HIM, ONSHORE CONTRACTED VENDOR CODING AND CDI MANAGER|HIMCODCDIMGRON|epic|0
HIM, ONSHORE CONTRACTED VENDOR DEFICIENCY ANALYST|HIMDEFANON|epic|0
HIM, ONSHORE CONTRACTED VENDOR ROI|HIMROION|epic|0
HIM, PRIVACY OFFICER|HIMPO|epic|0
HIM, ROI INSPECTOR|HIMROIINSPECTOR|epic|0
HIM, ROI MANAGER|HIMROIMGR|epic|0
HIM, ROI STAFF|HIMROI|epic|0
HIM, SCAN MANAGER|HIMSCANMGR|epic|0
HIM, SCAN REVIEW|HIMSCANREV|epic|0
HIM, TECH|HIMTECH|epic|0
HIM, TRANSCRIPTIONIST|HIMTX|epic|0
HOD, SCHEDULER|HODSCHED|epic|0
HOD, SCHEGISTRAR|HODDESK|epic|0
HOME CARE, INTAKE|HCI|epic|0
HOME INFUSION, REGISTERED NURSE|HIRN|epic|0
HOME INFUSION, SUPERVISOR|HISUP|epic|0
HOMEHEALTH, ADMIN|HHADM|epic|0
HOMEHEALTH, AIDE|HHA|epic|0
HOMEHEALTH, BILLING CLERK|HHB|epic|0
HOMEHEALTH, BILLING SUPERVISOR|HHBS|epic|0
HOMEHEALTH, CODER|HHC|epic|0
HOMEHEALTH, FINANCE|HHFINANCE|epic|0
HOMEHEALTH, HOMEMAKER|HHHM|epic|0
HOMEHEALTH, INSURANCE VERIFICATION|HHIV|epic|0
HOMEHEALTH, INTAKE NURSE|HHI|epic|0
HOMEHEALTH, LICENSED PRACTICAL NURSE|HHLPN|epic|0
HOMEHEALTH, MEDICAL SOCIAL WORKER|HHMSW|epic|0
HOMEHEALTH, OCCUPATIONAL THERAPIST|HHOT|epic|0
HOMEHEALTH, OCCUPATIONAL THERAPIST ASSISTANT|HHCOTA|epic|0
HOMEHEALTH, OFFSHORE CONTRACTED VENDOR CODER|HHCODEROFF|epic|0
HOMEHEALTH, ORDERS TRACKER|HHORD|epic|0
HOMEHEALTH, PHYSICAL THERAPIST|HHPT|epic|0
HOMEHEALTH, PHYSICAL THERAPIST ASSISTANT|HHPTA|epic|0
HOMEHEALTH, PRIVATE DUTY NURSE|HHPDN|epic|0
HOMEHEALTH, QUALITY REVIEW|HHQR|epic|0
HOMEHEALTH, REGISTERED NURSE|HHRN|epic|0
HOMEHEALTH, RESPIRATORY THERAPIST|HHRT|epic|0
HOMEHEALTH, SCHEDULER|HHS|epic|0
HOMEHEALTH, SPEECH LANGUAGE PATHOLOGIST|HHSLP|epic|0
HOMEHEALTH, SUPERVISOR|HHSUP|epic|0
HOMEHEALTH, TELEHEALTH NURSE|HHTRN|epic|0
HOSPICE, AIDE|HSPCA|epic|0
HOSPICE, BEREAVEMENT COORDINATOR|HSPCBC|epic|0
HOSPICE, CHAPLAIN|HSPCCP|epic|0
HOSPICE, INPATIENT AIDE|HSPCIPA|epic|0
HOSPICE, INPATIENT REGISTERED NURSE|HSPCIPRN|epic|0
HOSPICE, INTAKE USER|HSPCI|epic|0
HOSPICE, MEDICAL DIRECTOR|HSPCDIR|epic|0
HOSPICE, MEDICAL SOCIAL WORKER|HSPCMSW|epic|0
HOSPICE, NURSE PRACTITIONER|HSPCNP|epic|0
HOSPICE, OCCUPATIONAL THERAPIST|HSPCOT|epic|0
HOSPICE, PHYSICAL THERAPIST|HSPCPT|epic|0
HOSPICE, QUALITY REVIEW|HSPCQR|epic|0
HOSPICE, REGISTERED NURSE|HSPCRN|epic|0
HOSPICE, SCHEDULER|HSPCS|epic|0
HOSPICE, SPEECH PATHOLOGIST|HSPCSLP|epic|0
HOSPICE, VOLUNTEER COORDINATOR|HSPCVC|epic|0
HP, CARE MANAGER SUPERVISOR|CAREMANSV|epic|0
ICU, PHYSICIAN|ICUMD|epic|0
IDENTITY, MANAGER|IDMGR|epic|0
INFECTION CONTROL, ADMINISTRATOR|INFADM|epic|0
INFECTION PREVENTION, BUILDER|INFBUILD|epic|0
INFECTIOUS DISEASE, NURSE|IDRN|epic|0
INFECTIOUS DISEASE, PHYSICIAN|IDMD|epic|0
INFECTIOUS DISEASE, SOCIAL WORKER|IDSW|epic|0
INFUSION, NURSE|INFRN|epic|0
INPATIENT, ADMINISTRATOR|IPADM|epic|0
INPATIENT, ATTENDING PHYSICIAN|IPMD|epic|1
INPATIENT, CHILD LIFE|IPCL|epic|0
INPATIENT, CLINICAL INFORMATICS|IPCI|epic|0
INPATIENT, DIET TECH|IPDT|epic|0
INPATIENT, DISASTER NURSE|IPDN|epic|0
INPATIENT, DISASTER PHYSICIAN|IPDMD|epic|0
INPATIENT, FIELD HOSPITAL NURSE|IPFHRN|epic|0
INPATIENT, FIELD HOSPITAL PROVIDER|IPFHMD|epic|0
INPATIENT, ISOLATION-INFECTION|IPISOIN|epic|0
INPATIENT, LPN|IPLPN|epic|0
INPATIENT, NON-EMPLOYED PHYSICIAN|NEIPMD|epic|0
INPATIENT, NURSE|IPRN|epic|1
INPATIENT, NURSE MANAGER|IPRNMGR|epic|0
INPATIENT, NURSE PRACTITIONER|IPNP|epic|0
INPATIENT, NUTRITION|IPRD|epic|0
INPATIENT, ORGAN PROCUREMENT COORDINATOR|IPOPO|epic|0
INPATIENT, PATIENT EXPERIENCE REPRESENTATIVE|IPPER|epic|0
INPATIENT, PCT|IPPCT|epic|0
INPATIENT, PHYSICIAN CDR|IPMDCDR|epic|0
INPATIENT, QUALITY ASSURANCE|IPQA|epic|0
INPATIENT, REMOTE SITTER|IPRS|epic|0
INPATIENT, RT SUPERVISOR|IPRTSUP|epic|0
INPATIENT, SPIRITUAL CARE|SC|epic|0
INPATIENT, STAFFING COORDINATOR|IPSTAFFER|epic|0
INPATIENT, VON ABSTRACTOR|IPVON|epic|0
INTERFACE, ADMIN|EDIADM|epic|0
INTERFACE, ENGINE ANALYST|EDIENGAN|epic|0
INTERNAL MEDICINE, NURSE|IMRN|epic|0
INTERNAL MEDICINE, PHYSICIAN|IMMD|epic|0
IP/ED, NURSING STUDENT|IPEDRNEDU|epic|0
KALEIDOSCOPE, ADMINISTRATOR|KADM|epic|0
KALEIDOSCOPE, CLINIC MANAGER|KMGR|epic|0
KALEIDOSCOPE, COMPREHENSIVE OPHTH PHYSICIAN|KMD|epic|0
KALEIDOSCOPE, CORNEA OPHTH PHYSICIAN|KCMD|epic|0
KALEIDOSCOPE, FELLOW OPHTH PHYSICIAN|KFELLOW|epic|0
KALEIDOSCOPE, GLAUCOMA OPHTH PHYSICIAN|KGMD|epic|0
KALEIDOSCOPE, NEUROLOGY OPHTH PHYSICIAN|KNMD|epic|0
KALEIDOSCOPE, OCULOPLASTICS PHYSICIAN|KPMD|epic|0
KALEIDOSCOPE, OPHTH NURSE|KRN|epic|0
KALEIDOSCOPE, OPHTH TECHNICIAN|KTECH|epic|0
KALEIDOSCOPE, OPTOMETRIST|KOPTO|epic|0
KALEIDOSCOPE, ORTHOPTIST|KORTHOP|epic|0
KALEIDOSCOPE, PEDIATRIC OPHTH PHYSICIAN|KPEDMD|epic|0
KALEIDOSCOPE, RESIDENT OPHTH PHYSICIAN|KRESMD|epic|0
KALEIDOSCOPE, RETINA OPHTH PHYSICIAN|KRMD|epic|0
KALEIDOSCOPE, SCHEDULER|KSCHED|epic|0
KUIPER, ENVIRONMENT UPGRADE|KUIPERENVUPG|epic|0
KUIPER, SYSTEM|KUIPERSYS|epic|0
LAB, ADMIN|LABADM|epic|0
LAB, CLIENT SERVICES|LABCS|epic|0
LAB, FRONT DESK|LABFD|epic|0
LAB, FRONT DESK WITH PROCESSING|LABFDWP|epic|0
LAB, MOLECULAR TECH|LABMDX|epic|0
LAB, OUTSTANDING TRACKBOARD|LABOT|epic|0
LAB, PATHOLOGIST BUILDER|PATHBUILD|epic|0
LAB, PATHOLOGY MANAGER|LABAPMGR|epic|0
LAB, PHLEBOTOMIST|LABPHLEB|epic|0
LAB, PHLEBOTOMIST WITH PROCESSING|LABPHLEBWP|epic|0
LAB, PROCESSOR|LABPROC|epic|0
LAB, SUPERVISOR|LABSUPER|epic|0
LAB, TECH|LABTECH|epic|0
LEAN, PHYSICIAN|LEANMD|epic|0
LUMENS, ADMINISTRATOR|GIADM|epic|0
LUMENS, FRONT DESK SCHEDULER|GISCHED|epic|0
LUMENS, GASTROENTEROLOGY FELLOW|GIRES|epic|0
LUMENS, MANAGER|GIMGR|epic|0
LUMENS, PEDIATRIC PHYSICIAN|GIPED|epic|0
MANAGER, CASE|CM|epic|0
MANAGER, CASE AND UTILIZATION|CMUM|epic|0
MANAGER, UTILIZATION|UM|epic|0
MARKETING, MANAGER|MKTMGR|epic|0
MATERNAL-FETAL, NURSE|MFMRN|epic|0
MEDICAL GENETICS, COUNSELOR|GNTCO|epic|0
MEDICAL GENETICS, PHYSICIAN|GNTMD|epic|0
MYCHART, ADMIN|MYCADM|epic|0
MYCHART, HELP DESK|MYCHD|epic|0
MYCHART, TRANSLATOR|MYCTRAN|epic|0
NEPHROLOGY, ADMINISTRATOR|NEPHADM|epic|0
NEPHROLOGY, DATA COORDINATOR|NEPHDATA|epic|0
NEPHROLOGY, MEDICAL ASSISTANT|NEPHMA|epic|0
NEPHROLOGY, NURSE|NEPHRN|epic|0
NEPHROLOGY, NURSE MANAGER|NEPHMGR|epic|0
NEPHROLOGY, PHYSICIAN|NEPHMD|epic|0
NEPHROLOGY, TECHNICIAN|NEPHTECH|epic|0
NEUROLOGY, NURSE|NEURORN|epic|0
NEUROLOGY, PEDIATRIC PHYSICIAN|NEUROPEDMD|epic|0
NEUROLOGY, PHYSICIAN|NEUROMD|epic|0
NEUROLOGY, TECHNOLOGIST|NEUROTECH|epic|0
NEUROSURGERY, NURSE|NSRRN|epic|0
NEUROSURGERY, PHYSICIAN|NSRMD|epic|0
NICU, PHYSICIAN|NICUMD|epic|0
NURSE TRIAGE, ADMINISTRATOR|NTADM|epic|0
NURSE TRIAGE, MANAGER|NTMGR|epic|0
NURSE TRIAGE, NURSE|NTRN|epic|0
NURSE TRIAGE, NURSE SUPERUSER|NTSUP|epic|0
NURSE TRIAGE, SUPPORT STAFF|NTSS|epic|0
OBESITY MANAGEMENT, CARE COORDINATOR|BSOMCC|epic|0
OBESITY MANAGEMENT, NURSE|BSOMRN|epic|0
OBESITY MANAGEMENT, PHYSICIAN|BSOMMD|epic|0
OBSTETRICS, LACTATION CONSULTANT|OBLC|epic|0
OBSTETRICS, MIDWIFE|OBCNM|epic|0
OBSTETRICS, NURSE|OBRN|epic|0
OBSTETRICS, NURSE MANAGER|OBIPRNMGR|epic|0
OBSTETRICS, TECHNOLOGIST|OBTECH|epic|0
OBSTETRICS, UNIT CLERK|OBUC|epic|0
OBSTETRICS-GYNECOLOGY, PHYSICIAN|OBGYNMD|epic|0
OBSTETRICSLD, NURSE|OBIPRN|epic|0
OCCUPATIONAL MEDICINE, CLINIC MANAGER|OMMGR|epic|0
OCCUPATIONAL MEDICINE, FRONT DESK|OMDESK|epic|0
OCCUPATIONAL MEDICINE, NURSE|OMRN|epic|0
OCCUPATIONAL MEDICINE, PHYSICIAN|OMMD|epic|0
OCCUPATIONAL THERAPIST, STUDENT|OTEDU|epic|0
ONCOLOGY, NURSE|ONCRN|epic|0
ONCOLOGY, PHYSICIAN|ONCMD|epic|0
OP, SOCIAL WORKER|SWOP|epic|0
OPHTHALMOLOGY, OPTOMETRIST|OPHTHOPTO|epic|0
OPHTHALMOLOGY, PEDS PHYSICIAN|OPHTHPEDMD|epic|0
OPHTHALMOLOGY, PEDS TECHNICIAN|OPHTHPEDTECH|epic|0
OPHTHALMOLOGY, PHYSICIAN|OPHTHMD|epic|0
OPHTHALMOLOGY, TECHNICIAN|OPHTHTECH|epic|0
OPTIME, ADMIN|ORADM|epic|0
OPTIME, BUSINESS MANAGER|ORBM|epic|0
OPTIME, CASE PICK|ORPCK|epic|0
OPTIME, CHARGE NURSE|CHRGRN|epic|0
OPTIME, CHARGE POST|ORCHARGE|epic|0
OPTIME, DECENTRALIZED SCHEDULER|ORDSCHED|epic|0
OPTIME, DEPARTMENT BUILDER|ORBLD|epic|0
OPTIME, FRONT DESK|ORDESK|epic|0
OPTIME, GI CHARGE POST|ORGICHARGE|epic|0
OPTIME, GI NURSE|ORGIRN|epic|0
OPTIME, MANAGER|ORMGR|epic|0
OPTIME, MATERIALS MANAGEMENT|ORMM|epic|0
OPTIME, NURSE MANAGER|ORRNMGR|epic|0
OPTIME, OR SURGERY CLINIC FRONT DESK|ESORDESK|epic|0
OPTIME, PAT NURSE|PATRN|epic|0
OPTIME, PREFERENCE CARD BUILDER|ORPCB|epic|0
OPTIME, SCHEDULER|ORSCHED|epic|0
OPTIME, SCRUB PERSON|ORSCRUB|epic|0
OPTIME, SERVICE LEAD|SVCLD|epic|0
ORAL, SURGEON|DNTSUR|epic|0
ORDERS, BLOOD BANK TECH|LABBBTECH|epic|0
ORTHODONTICS, ASSISTANT|ORTHA|epic|0
ORTHODONTICS, PROVIDER|ORTHODNTST|epic|0
ORTHOPAEDICS, CLINIC MANAGER|ORTHOMGR|epic|0
ORTHOPAEDICS, NURSE|ORTHORN|epic|0
ORTHOPAEDICS, PHYSICIAN|ORTHOMD|epic|0
ORTHOPAEDICS, TECHNICIAN|ORTHOTECH|epic|0
OUTPATIENT, SCRIBE|OPSCRIBE|epic|0
PACE, CLINIC DIRECTOR|PACECLNMGR|epic|0
PACE, HOME HEALTH RN|PACEHHRN|epic|0
PACE, NURSE|PACERN|epic|0
PACE, OCCUPATIONAL THERAPIST|PACEOT|epic|0
PACE, PERSONAL CARE AIDE|PACEPCA|epic|0
PACE, PHYSICAL THERAPIST|PACEPT|epic|0
PACE, PHYSICIAN|PACEMD|epic|0
PACE, RECREATIONAL THERAPIST|PACERECT|epic|0
PACE, REGISTERED DIETITIAN|PACERD|epic|0
PACE, SOCIAL WORKER|PACESW|epic|0
PACE, TRANSPORTATION MANAGER|PACETRNMGR|epic|0
PAIN, NURSE|PAINRN|epic|0
PAIN, PHYSICIAN|PAINMD|epic|0
PALLIATIVE MEDICINE, PHYSICIAN|PALLMD|epic|0
PATHOLOGIST STUDENT, SPEECH-LANGUAGE|SLPEDU|epic|0
PATHOLOGIST, SPEECH-LANGUAGE|SLP|epic|0
PATHOLOGY, CYTOTECHNOLOGIST|PATHC|epic|0
PATHOLOGY, GROSS ASST|PATHG|epic|0
PATHOLOGY, HISTOTECHNOLOGIST|PATHH|epic|0
PATHOLOGY, PATHOLOGY RESIDENT|PATHRES|epic|0
PATHOLOGY, PHYSICIAN|PATHMD|epic|0
PATHOLOGY, SENIOR CYTOTECH|PATHSC|epic|0
PATHOLOGY, TRANSCRIPTIONIST|PATHT|epic|0
PATHOLOGY, TRANSCRIPTIONIST WITHOUT ANATOMIC PATHOLOGY SHARED WORKFLOWS|PATHTWOP|epic|0
PATHWAYS, PHYSICIAN|PATHWAYSMD|epic|0
PATIENT ACCESS, DIRECTOR|ACCDIR|epic|0
PATIENT ACCESS, OFFSHORE CONTRACTED VENDOR SUPERVISOR|PATACCSUPOFF|epic|0
PB, ADMIN|PBADM|epic|0
PB, BILLING OFFICE MANAGER|PBBILLMGR|epic|0
PB, CHARGE CAPTURE SUPERVISOR|PBCHGSUP|epic|0
PB, CODER/CHARGE WORKQUEUE|PBCODER|epic|0
PB, CONSOLIDATED END USER|PBCNSLDT|epic|0
PB, CONSOLIDATED SUPERVISOR|PBCNSLSUP|epic|0
PB, CONTRACT BUILDER|PBCONTRACT|epic|0
PB, CREDIT ANALYST|PBCREDIT|epic|0
PB, FINANCE ACCOUNTABILITY LEAD|PBFINACC|epic|0
PB, INSURANCE FOLLOW-UP|PBINSFOL|epic|0
PB, INSURANCE FOLLOW-UP SUPERVISOR|PBINSSUP|epic|0
PB, OFFSHORE CONTRACTED VENDOR BILLING OFFICE MANAGER|PBBILLMGROFF|epic|0
PB, OFFSHORE CONTRACTED VENDOR CHARGE CAPTURE SUPERVISOR|PBCHGSUPOFF|epic|0
PB, OFFSHORE CONTRACTED VENDOR CODER/CHARGE WORKQUEUE CROSS FUNCTIONAL|PBCODERADVOFF|epic|0
PB, OFFSHORE CONTRACTED VENDOR CONSOLIDATED END USER|PBCNSLDTOFF|epic|0
PB, OFFSHORE CONTRACTED VENDOR CONSOLIDATED SUPERVISOR|PBCNSLSUPOFF|epic|0
PB, OFFSHORE CONTRACTED VENDOR INSURANCE FOLLOW-UP CROSS FUNCTIONAL|PBINSFOLADVOFF|epic|0
PB, OFFSHORE CONTRACTED VENDOR INSURANCE FOLLOW-UP SUPERVISOR|PBINSSUPOFF|epic|0
PB, OFFSHORE CONTRACTED VENDOR PAYMENT POSTING AND CREDIT SUPERVISOR|PBPPSUPOFF|epic|0
PB, OFFSHORE CONTRACTED VENDOR PAYMENT POSTING CROSS FUNCTIONAL|PBPAYPOSADVOFF|epic|0
PB, OFFSHORE CONTRACTED VENDOR SELF-PAY COLLECTIONS CROSS FUNCTIONAL|PBSELFCADVOFF|epic|0
PB, OFFSHORE CONTRACTED VENDOR SELF-PAY SUPERVISOR|PBSPSUPOFF|epic|0
PB, ONSHORE CONTRACTED VENDOR BILLING OFFICE MANAGER|PBBILLMGRON|epic|0
PB, ONSHORE CONTRACTED VENDOR CHARGE CAPTURE SUPERVISOR|PBCHGSUPON|epic|0
PB, ONSHORE CONTRACTED VENDOR CODER/CHARGE WORKQUEUE CROSS FUNCTIONAL|PBCODERADVON|epic|0
PB, ONSHORE CONTRACTED VENDOR CONSOLIDATED END USER|PBCNSLDTON|epic|0
PB, ONSHORE CONTRACTED VENDOR CONSOLIDATED SUPERVISOR|PBCNSLSUPON|epic|0
PB, ONSHORE CONTRACTED VENDOR INSURANCE FOLLOW-UP CROSS FUNCTIONAL|PBINSFOLADVON|epic|0
PB, ONSHORE CONTRACTED VENDOR INSURANCE FOLLOW-UP SUPERVISOR|PBINSSUPON|epic|0
PB, ONSHORE CONTRACTED VENDOR PAYMENT POSTING AND CREDIT SUPERVISOR|PBPPSUPON|epic|0
PB, ONSHORE CONTRACTED VENDOR PAYMENT POSTING CROSS FUNCTIONAL|PBPAYPOSADVON|epic|0
PB, ONSHORE CONTRACTED VENDOR SELF-PAY COLLECTIONS CROSS FUNCTIONAL|PBSELFCADVON|epic|0
PB, ONSHORE CONTRACTED VENDOR SELF-PAY SUPERVISOR|PBSPSUPON|epic|0
PB, PAYMENT POSTER|PBPAYPOS|epic|0
PB, PAYMENT POSTING AND CREDIT SUPERVISOR|PBPPSUP|epic|0
PB, SELF-PAY|PBSELFC|epic|0
PB, SELF-PAY SUPERVISOR|PBSPSUP|epic|0
PEDIATRICS, MEDICAL ASSISTANT|PEDMA|epic|0
PEDIATRICS, NURSE|PEDRN|epic|0
PEDIATRICS, PHYSICIAN|PEDMD|epic|0
PEDIATRICS, RESIDENT|PEDRES|epic|0
PERFUSION, PERFUSIONIST|PERF|epic|0
PERIOP, NURSE|ORRN|epic|0
PHLEBOTOMIST, LAB REGISTRATION|REGPHLEB|epic|0
PHOENIX, ADMINISTRATOR|PHXADM|epic|0
PHOENIX, AUDITOR|PHXAUDIT|epic|0
PHOENIX, CLINIC ASSISTANT|PHXCA|epic|0
PHOENIX, COORDINATOR|PHXRN|epic|0
PHOENIX, DATA COORDINATOR|PHXDATA|epic|0
PHOENIX, FINANCIAL COORDINATOR|PHXFIN|epic|0
PHOENIX, LIVING DONOR ADVOCATE|PHXLDA|epic|0
PHOENIX, NURSE MANAGER|PHXMGR|epic|0
PHOENIX, NUTRITION|PHXDIET|epic|0
PHOENIX, PHYSICIAN|PHXMD|epic|0
PHOENIX, PSYCHOLOGIST|PHXPSYCH|epic|0
PHOENIX, SOCIAL WORKER|PHXSW|epic|0
PHOENIX, SURGEON|PHXSUR|epic|0
PHYSICAL, THERAPIST|PT|epic|0
PHYSICIAL THERAPIST, STUDENT|PTEDU|epic|0
PHYSICIAN, MATERNAL-FETAL|MFMMD|epic|0
PICU, PHYSICIAN|PICUMD|epic|0
PLASTIC SURGERY, NURSE|PLASRN|epic|0
PLASTIC SURGERY, PHYSICIAN|PLASMD|epic|0
PMR, NURSE|PMRRN|epic|0
PMR, PHYSICIAN|PMRMD|epic|0
PODIATRIST, PHYSICIAN|PODMD|epic|0
PODIATRY, NURSE|PODRN|epic|0
POPULATION HEALTH, OUTREACH SPECIALIST|POPOUT|epic|0
POPULATION HEALTH, QUALITY LEAD|POPQUAL|epic|0
PRACTITIONER, NURSE|NP|epic|0
PRE-PROCEDURE, NURSE|PRERN|epic|0
PRELUDE, FIELD HOSPITAL USER|REGFH|epic|0
PRELUDE, OFFSHORE CONTRACTED VENDOR PRE-SERVICE|REGPRESVCOFF|epic|0
PRELUDE, ONSHORE CONTRACTED VENDOR PRE-SERVICE|REGPRESVCON|epic|0
PRELUDE, PRE-SERVICE|REGPRESERVICE|epic|0
PROFESSIONAL BILLING, PHARMACY BILLER|PBRXAMB|epic|0
PSYCHIATRY, NURSE|PSYCHRN|epic|0
PSYCHIATRY, NURSE PRACTITIONER|PSYCHNP|epic|0
PSYCHIATRY, PHYSICIAN|PSYCHMD|epic|0
PULMONARY, NURSE|PULRN|epic|0
PULMONARY, PHYSICIAN|PULMD|epic|0
PULMONARY, TECHNOLOGIST|PULTECH|epic|0
RADIATION ONCOLOGY, DOSIMETRIST|RADONCDOS|epic|0
RADIATION ONCOLOGY, NURSE|RADONCRN|epic|0
RADIATION ONCOLOGY, PHYSICIAN|RADONCMD|epic|0
RADIATION ONCOLOGY, PHYSICIST|RADONCPHYSICS|epic|0
RADIATION ONCOLOGY, THERAPIST|RADONCTHER|epic|0
RADIOLOGY, ADMINISTRATOR|RISADM|epic|0
RADIOLOGY, BREAST IMAGING COORDINATOR|RISMAM|epic|0
RADIOLOGY, BREAST IMAGING NURSE|RISMAMRN|epic|0
RADIOLOGY, BREAST IMAGING RADIOLOGIST|RISMAMMD|epic|0
RADIOLOGY, BREAST IMAGING TECHNOLOGIST|RISTECHMAM|epic|0
RADIOLOGY, CHARGE POST|RISCHARGE|epic|0
RADIOLOGY, FRONT DESK|RISFD|epic|0
RADIOLOGY, LEAD TECHNOLOGIST|RISLEADTECH|epic|0
RADIOLOGY, LUNG SCREENING COORDINATOR|RISLUNG|epic|0
RADIOLOGY, MANAGER|RISMGR|epic|0
RADIOLOGY, NURSE|RISNURSE|epic|0
RADIOLOGY, PACS ADMINISTRATOR|RISPACS|epic|0
RADIOLOGY, RADIOLOGIST|RISMD|epic|0
RADIOLOGY, RADIOLOGIST CHAMPION|RISMDC|epic|0
RADIOLOGY, RESIDENT|RISRES|epic|0
RADIOLOGY, TECHNOLOGIST|RISTECH|epic|0
RADIOLOGY, TRANSCRIPTIONIST|RISTRANS|epic|0
RECOVERY, NURSE|RECRN|epic|0
REFERRAL, COORDINATOR|RFLCORD|epic|0
REFERRAL, OFFSHORE CONTRACTED VENDOR COORDINATOR|RFLCORDOFF|epic|0
REFERRAL, ONSHORE CONTRACTED VENDOR COORDINATOR|RFLCORDON|epic|0
REFERRAL, ONSHORE CONTRACTED VENDOR SUPERVISOR|RFLSUPON|epic|0
REFERRAL, SUPERVISOR|RFLSUP|epic|0
REFERRALS, ADMINISTRATOR|RFLADM|epic|0
REFERRALS, ADMINISTRATOR TRACK|RFLADMTRACK|epic|0
REHAB, PPS COORDINATOR|PPSCOORD|epic|0
REHAB, PRE-ADMISSION SCREENER|REHABPAS|epic|0
REPORTING, ADMINISTRATOR|RPTADM|epic|0
RESEARCH, ADMIN|RSHADM|epic|0
RESEARCH, BILLING MANAGER|RSHBILLMGR|epic|0
RESEARCH, BILLING SPECIALIST|RSHBILLER|epic|0
RESEARCH, CLINICAL TRIALS OFFICE|RSHCTO|epic|0
RESEARCH, COORDINATOR|RSHRC|epic|0
RESEARCH, DATA COORDINATOR|RSHDC|epic|0
RESEARCH, HONEST BROKER|RSHHONBROKER|epic|0
RESEARCH, MANAGER|RSHMNGR|epic|0
RESEARCH, MD INVESTIGATOR|RSHMDPI|epic|0
RESEARCH, MONITOR|RSHMON|epic|0
RESEARCH, OFFSHORE CONTRACTED VENDOR BILLING SPECIALIST|RSHBILLEROFF|epic|0
RESEARCH, ONSHORE CONTRACTED VENDOR BILLING SPECIALIST|RSHBILLERON|epic|0
RESEARCH, PEDIATRIC COORDINATOR|RSHPRC|epic|0
RESEARCH, PHD INVESTIGATOR|RSHPHD|epic|0
RESIDENT, CROSS-SPECIALTY PHYSICIAN|RESMDCROSS|epic|0
RESIDENT, PHYSICIAN UNLICENSED|RESMDNOLIC|epic|0
RESIDENT/FELLOW, PHYSICIAN|RESMD|epic|0
RESPIRATORY THERAPIST, STUDENT|IPRTEDU|epic|0
REVENUE CYCLE, DIRECTOR|RCDIR|epic|0
REVENUE CYCLE, INFORMATICIST|RCINFO|epic|0
RHEUMATOLOGY, NURSE|RHEUMRN|epic|0
RHEUMATOLOGY, PHYSICIAN|RHEUMMD|epic|0
SBO, ADMINISTRATOR|SBOADM|epic|0
SBO, PAYMENT POSTING|SBOPP|epic|0
SBO, PAYMENT POSTING SUPERVISOR|SBOPPSUP|epic|0
SBO, SELF-PAY SUPERVISOR|SBOSPSUP|epic|0
SECURITY, ADMINISTRATOR|SECADM|epic|0
SECURITY, HELP DESK|SECHELP|epic|0
SER, ADMINISTRATOR|SERADM|epic|0
SOCIAL CARE, COMMUNITY HEALTH WORKER|SCCHW|epic|0
SOCIAL CARE, SOCIAL WORKER|SCSW|epic|0
SPECIMEN COLLECTOR OUTREACH, HV ZOO|ZOOSPEC|epic|0
SPECIMEN COLLECTOR OUTREACH, INTERNATIONAL SUBMITTER|INTSMTSPEC|epic|0
SPORTS MEDICINE, NURSE|SPORTRN|epic|0
SPORTS MEDICINE, PHYSICIAN|SPORTMD|epic|0
STATE SURVEYOR, LTC VIEW ONLY|LTCVIEWONLY|epic|0
STUDENT, MEDICAL|MEDEDU|epic|0
SUPERVISOR, CASE MANAGER|CMSUP|epic|0
SURGERY, NURSE|SURRN|epic|0
SURGERY, PHYSICIAN|SURMD|epic|0
SURGERY, PHYSICIAN ASSISTANT|SURPA|epic|0
SURGERY, RESIDENT|SURRES|epic|0
SURGICAL ICU, PHYSICIAN|SURGICUMD|epic|0
SYSTEM, EPS|EPSSYS|epic|0
SYSTEM, INTERCONNECT|ICSYS|epic|0
SYSTEM, STS|STSSYS|epic|0
TAPESTRY LINK, ADMINISTRATOR|TLADM|epic|0
TAPESTRY LINK, AFFILIATE STAFF|TLSTAFF|epic|0
TAPESTRY LINK, AGENT|TLAGENT|epic|0
TAPESTRY LINK, BILLING STAFF|TLBILLING|epic|0
TAPESTRY LINK, ENROLLMENT STAFF|TLENROLL|epic|0
TAPESTRY LINK, ONLINE EMPLOYER|TLEMPLOYER|epic|0
TAPESTRY, ADMINISTRATOR|MCADM|epic|0
TAPESTRY, ANCILLARY OPERATIONS|MCANCOPS|epic|0
TAPESTRY, AP CLAIM DATA ENTRY|MCAPCLME|epic|0
TAPESTRY, AP CLAIM EXAMINER|MCAPCLMX|epic|0
TAPESTRY, AP CLAIM RECOVERY SPEC|MCAPCLMREC|epic|0
TAPESTRY, AP CLAIM SUPERVISOR|MCAPCLMSUP|epic|0
TAPESTRY, AP CLAIMS MANAGER|MCAPCLMMGR|epic|0
TAPESTRY, AP PROCESSING MANAGER|MCAPPROCMGR|epic|0
TAPESTRY, APPEAL COORDINATOR|MCAPPCOORD|epic|0
TAPESTRY, APPEAL SUPERVISOR|MCAPPSUP|epic|0
TAPESTRY, CAPITATION PROCESSOR|MCCAPPROC|epic|0
TAPESTRY, CARE MANAGEMENT SUPERVISOR|MCCAREMGRSV|epic|0
TAPESTRY, CRM DATA ENTRY|MCCRMENT|epic|0
TAPESTRY, CRM SUPERVISOR|MCCRMSUP|epic|0
TAPESTRY, EE ELECTRONIC ELIGIBILITY|MCELIG|epic|0
TAPESTRY, EE ENROLLMENT MANAGER|MCENROLLMGR|epic|0
TAPESTRY, EE MEMBERSHIP|MCMEMBER|epic|0
TAPESTRY, GENERAL EXTERNAL PROVIDER|MCPROVIDER|epic|0
TAPESTRY, GRIEVANCES COORDINATOR|MCGRIEVCOORD|epic|0
TAPESTRY, HEALTH PLANS CARE MANAGER|MCCAREMGR|epic|0
TAPESTRY, MC AUTH CLINICIAN|MCAUTHCLIN|epic|0
TAPESTRY, MC AUTH COORDINATOR|MCAUTHCOORD|epic|0
TAPESTRY, MC AUTH MEDICAL DIRECTOR|MCAUTHMEDDIR|epic|0
TAPESTRY, MC AUTH PHARMACIST|MCAUTHPHARM|epic|0
TAPESTRY, MC AUTH SUPERVISOR|MCAUTHSUP|epic|0
TAPESTRY, MC COMPLIANCE REGULATORY STAFF|MCCR|epic|0
TAPESTRY, MC PROVIDER RELATIONS|MCPROVREL|epic|0
TAPESTRY, MC PROVIDER RELATIONS SUPERVISOR|MCPROVSUP|epic|1
TAPESTRY, MC TRANSLATION|MCTRN|epic|0
TAPESTRY, PB INVOICE|MCPRMBIN|epic|0
TAPESTRY, PB MANAGER|MCPRMBMGR|epic|0
TAPESTRY, PB PAYMENT|MCPRMBPP|epic|0
TAPESTRY, RISK ADJUSTMENT CODER|MCRACODER|epic|0
TAPESTRY, RISK ADJUSTMENT SUPERVISOR|MCRASUP|epic|0
TDR, ADMINISTRATOR|TDRADMIN|epic|0
TDR, FIXER|TDRFIXER|epic|0
TDR, TESTER|TDRTESTER|epic|0
TEAMWORK, ADMINISTRATOR|STFADM|epic|0
TECHNOLOGIST, SLEEP LAB|SLEEPTECH|epic|0
TELESTROKE, USER|TELESTR|epic|0
THERAPIST, CARD REHAB|CRT|epic|0
THERAPIST, OCCUPATIONAL|OT|epic|0
THERAPIST, RECREATIONAL|IPRECT|epic|0
THERAPIST, RESPIRATORY|IPRT|epic|0
THERAPY, MANAGER|TMGR|epic|0
TRAINER, ATHLETIC|AT|epic|0
TRANSCRIPTIONIST, DIAGNOSTIC|HODTRANS|epic|0
TRANSPLANT BILLER, ENTERPRISE|PBTXPBIL|epic|0
TRAUMA SURGEON, PHYSICIAN|TRAUMAMD|epic|0
TRAUMA, REGISTRY USER|TRREG|epic|0
UNIFIED COMMUNICATIONS, SECURE CHAT ONLY|UCSCO|epic|0
URGENT CARE, AMB NURSE|UCAMBRN|epic|0
URGENT CARE, AMB PHYSICIAN|UCAMBMD|epic|0
URGENT CARE, MEDICAL ASSISTANT-CLERK|UCMAREG|epic|0
UROLOGY, NURSE|URORN|epic|0
UROLOGY, PHYSICIAN|UROMD|epic|0
VASCULAR SURGERY, NURSE|VASRN|epic|0
VASCULAR SURGERY, PHYSICIAN|VASMD|epic|0
WILLOW AMBULATORY, ADMINISTRATOR|RXAMBADM|epic|0
WILLOW AMBULATORY, CASHIER|RXAMBCASHIER|epic|0
WILLOW AMBULATORY, MANAGER|RXAMBMGR|epic|0
WILLOW AMBULATORY, PHARMACIST|RXAMBPHARM|epic|0
WILLOW AMBULATORY, STUDENT (INTERN)|RXAMBEDU|epic|0
WILLOW AMBULATORY, TECHNICIAN|RXAMBTECH|epic|0
WILLOW HOME INFUSION, PHARMACIST|RXHIPHARM|epic|0
WILLOW HOME INFUSION, TECH|RXHITECH|epic|0
WILLOW INPATIENT, ADMIN|RXADM|epic|1
WILLOW INPATIENT, CHARGE SUPERVISOR|RXCHARGE|epic|1
WILLOW INPATIENT, GENERIC USER|RXGENERIC|epic|0
WILLOW INPATIENT, MANAGEMENT|RXMGT|epic|0
WILLOW INPATIENT, PHARMACIST|RXPHARM|epic|1
WILLOW INPATIENT, PHARMACIST BUILDER|RXBUILD|epic|0
WILLOW INPATIENT, STUDENT|RXEDU|epic|0
WILLOW INPATIENT, TECHNICIAN|RXTECH|epic|1
WILLOW INVENTORY, 340B COORDINATOR|RXINV340B|epic|1
WILLOW, INVENTORY BUYER|RXBUYER|epic|1
WILLOW, INVENTORY TECHNICIAN|RXINVTECH|epic|1
WILLOW, MEDICATION ACCESS COORDINATOR|RXMAC|epic|0
WILLOW, SPECIALTY PHARMACIST|RXSPPHARM|epic|0
WILLOW, SPECIALTY TECHNICIAN|RXSPTECH|epic|0
WISDOM, CLINIC MANAGER|WISMGR|epic|0
WISDOM, DENTAL RESIDENT|WISRES|epic|0
WISDOM, STUDENT|WISEDU|epic|0
WORKER, SOCIAL|SW|epic|0
WOUND CARE, NURSE|WOUNDRN|epic|0